,capacity,lon,lat,borough
0,20,2.334742918610573,48.8566039745635,75006
1,21,2.3373600840568547,48.87929591733507,75009
2,60,2.3661431,48.8712121,75010
3,45,2.343670316040516,48.85151881501689,75005
4,30,2.3875549435615544,48.84085531176338,75012
6,48,2.37289470306807,48.8570414504784,75011
7,19,2.329337755887181,48.84479928858768,75006
8,21,2.327861653302471,48.82234096593411,75014
9,44,2.381133802246315,48.89594736851349,75019
10,44,2.327339,48.877753,75009
11,22,2.3185685276985173,48.85909110474066,75007
12,19,2.3097044974565506,48.85141997898257,75007
13,24,2.351464,48.880726,75010
14,23,2.3230632,48.8978765,75017
15,14,2.364044,48.842524,75013
16,39,2.3464982619671075,48.84702057165222,75005
17,60,2.3930427432060246,48.88889440160639,75019
18,19,2.3654810339212418,48.86683096894219,75011
19,27,2.3860743641853337,48.877436681515796,75019
21,58,2.302549182385926,48.86492098253841,75008
22,15,2.356796,48.874575,75010
23,33,2.389613136684456,48.859358523592554,75020
25,35,2.3204218259345537,48.84856323305935,75007
27,45,2.381299026310444,48.86112461407359,75011
28,59,2.384273745805574,48.82837482809675,75013
29,28,2.290781411279206,48.88561741628322,75017
31,42,2.282015,48.883498,75017
33,22,2.356855627529275,48.88611466796807,75018
34,38,2.28189,48.863875,75116
35,30,2.3527636751532555,48.88042350842878,75010
36,53,2.371508963406086,48.869014792057236,75011
39,19,2.343099,48.8465255,75005
40,58,2.3678933,48.868397,75011
41,36,2.3561610281467438,48.888537048944826,75018
44,63,2.3828620836138725,48.85337548425958,75011
45,21,2.373759595522922,48.888013281448345,75019
47,58,2.314389310777188,48.89415563341899,75017
48,34,2.314494143994255,48.88713901475306,75017
49,27,2.386150136590004,48.89835196548483,75019
50,23,2.319392143923804,48.83617286014242,75014
51,16,2.371074522980134,48.88339733854529,75019
52,60,2.389147640809553,48.85288867036487,75011
54,33,2.2608396783471107,48.8479394142243,75016
57,56,2.38965779542923,48.8388110488154,75012
58,25,2.3967273,48.8701796,75020
59,30,2.314002,48.882428,75017
60,31,2.300407290458679,48.85810288510693,75007
61,37,2.3640366643667217,48.844182577315166,75005
62,21,2.384981390278095,48.87195626635528,75020
63,63,2.3600032,48.8685433,75010
65,29,2.3161920905113225,48.8477924732952,75007
66,36,2.3226776719093327,48.89587780769155,75017
67,19,2.363468,48.841836,75013
68,40,2.3445510864257812,48.892939296937605,75018
69,70,2.2748656198382378,48.870707839985386,75016
70,47,2.3628534749150276,48.88960028134536,75018
71,20,2.3890327325518528,48.87550448459959,75019
73,43,2.2921819612383847,48.84243457133779,75015
75,29,2.2964416444301605,48.87535245598514,75008
78,26,2.321358695626259,48.879960700846226,75008
79,15,2.277500546942199,48.85780291711202,75016
80,15,2.296149600985935,48.868144510482075,75116
81,65,2.325860448181629,48.85972615790874,75007
82,25,2.358513532903332,48.828156251574946,75013
83,28,2.36711,48.883843,75010
84,56,2.3869940266013145,48.86328729150227,75011
85,47,2.31497872620821,48.831600736972284,75014
86,15,2.3202589899301524,48.881823370566806,75008
87,37,2.282173218142987,48.8569864146289,75016
89,43,2.3860039,48.8741908,75020
90,46,2.304111124531457,48.887070607581215,75017
92,16,2.323793470859528,48.858297001217615,75007
93,61,2.366669436984963,48.874794994841274,75010
94,33,2.337939441204071,48.84954227788459,75006
95,21,2.3361566,48.8827555,75009
97,42,2.3126140236854558,48.84746064114221,75007
98,36,2.356947250664234,48.85389964552738,75004
99,29,2.35821794718504,48.858256413365815,75004
100,18,2.3263905197381973,48.85314781654488,75007
103,17,2.3494647851273465,48.84504716661511,75005
104,30,2.2905756533145905,48.84487893836502,75015
105,41,2.3469526693224907,48.888735896947054,75018
108,26,2.395084574818611,48.8693268535238,75020
109,36,2.385534569621086,48.8351212784276,75012
111,20,2.3521495,48.8462904,75005
112,25,2.3305362090468407,48.876693805756986,75009
113,29,2.323658830743138,48.87320440102894,75008
114,14,2.349147,48.879223,75010
115,14,2.329423,48.87219,75009
116,40,2.322528975094376,48.88896161855884,75017
117,24,2.344393021853951,48.876719895109,75009
118,41,2.306646779179573,48.856691550115315,75007
119,17,2.341798283943937,48.857058739111096,75001
120,24,2.3110422492027287,48.838683941628375,75015
121,61,2.3726498446286,48.8455150897939,75012
123,24,2.322079431103719,48.88416184871573,75017
124,47,2.264390252530575,48.84097491091973,75016
125,58,2.3692541,48.8667175,75011
126,27,2.397253782195704,48.83761417037952,75012
127,36,2.3984125256538396,48.85708641027236,75020
128,16,2.2713854536414146,48.83372430280548,75015
130,25,2.2978776320815086,48.852828153442346,75015
131,20,2.3919698596000676,48.88467214209463,75019
133,24,2.2811267160086417,48.836191728066666,75015
134,29,2.281037718057633,48.84240765130395,75015
136,32,2.301303138307601,48.87614039826388,75008
142,33,2.290781380114821,48.86741186571367,75116
143,20,2.381464,48.877951,75019
144,52,2.284444,48.877775,75017
145,51,2.3789759,48.858925,75011
146,23,2.371300756931305,48.83298497134978,75013
148,25,2.3207511752843857,48.82770803490614,75014
150,27,2.344621494412422,48.83487785877968,75013
151,40,2.3294984212276404,48.872988840743595,75009
153,37,2.296319,48.8888,75017
155,40,2.3210415244102482,48.82577028927573,75014
157,34,2.380039058625698,48.88467368538326,75019
158,35,2.315848097205162,48.87372241291653,75008
160,18,2.3793068155646324,48.84617146118711,75012
162,36,2.3660597205162053,48.864465972010244,75011
163,43,2.369896383666685,48.87137987425661,75010
166,16,2.370458543300628,48.849268481958404,75012
167,36,2.3705490678548813,48.827817291597846,75013
169,22,2.2921088710427284,48.881804409079656,75017
170,26,2.403928068708116,48.852566752033766,75020
171,62,2.3017574474215508,48.84584756136587,75015
173,40,2.354259,48.846513,75005
177,42,2.2617871686816216,48.86218070933143,75016
179,26,2.301799356937409,48.852060203582795,75007
180,18,2.3418454080820084,48.88414675978186,75018
181,49,2.3499782010912895,48.839061952159746,75005
182,16,2.326228,48.8867667,75018
183,28,2.323834749088381,48.88310390458221,75017
184,35,2.382578935054453,48.84486731955409,75012
187,18,2.335021197795868,48.84274150283194,75006
188,36,2.4077132,48.8354337,75012
189,21,2.40539657537972,48.8694370761222,75020
190,34,2.37965351592796,48.83094844846017,75013
191,23,2.3275961726903915,48.85018826266191,75006
192,63,2.3010657727718353,48.83959442800459,75015
193,19,2.3689296841621403,48.8862524447104,75019
194,19,2.30927479982717,48.8265029331101,75014
196,25,2.294512536052928,48.877532084130166,75017
197,26,2.29858466343129,48.883769733273496,75017
198,33,2.337201547845077,48.871815737396304,75009
199,22,2.3414132371544834,48.85229736258167,75006
201,17,2.285863497192411,48.86642312020962,75116
202,38,2.3710541,48.8600265,75011
204,19,2.343570403754711,48.87560163267239,75009
208,20,2.350892163813114,48.85587645183987,75004
209,28,2.348489575088024,48.84158856925782,75005
210,41,2.38474,48.8429,75012
212,30,2.35588476061821,48.87534054839558,75010
214,60,2.3532536,48.8562118,75004
217,23,2.3473754525184636,48.85525811539143,75004
219,46,2.327897409164145,48.895809485802886,75017
220,50,2.3741452395915985,48.84566619420225,75012
224,47,2.396093,48.854176,75011
225,36,2.3441386967897415,48.88468735450907,75018
226,38,2.3145456,48.8795079,75008
227,37,2.2933450341224675,48.885927922355044,75017
230,22,2.346484623849392,48.88294340844958,75009
232,17,2.334465461882703,48.85330527759475,75006
233,12,2.3024257,48.8359192,75015
234,16,2.354511445637388,48.877356057652264,75010
235,27,2.389728979467376,48.841923663276546,75012
236,26,2.376358449431232,48.848175129981016,75012
237,24,2.3361804,48.8307758,75014
238,47,2.3697222,48.8538327,75011
240,28,2.410522909779111,48.852919679957296,75020
242,62,2.3110086,48.8447677,75015
243,38,2.2577651962637906,48.83750862621299,75016
244,36,2.400113046169281,48.84682168154762,75012
245,34,2.3498075,48.8626302,75001
247,13,2.3386867716908455,48.884542726149725,75018
248,24,2.3897721245884895,48.86854239566069,75020
249,22,2.41112578185621,48.86216198070008,75020
250,27,2.323731449973991,48.835064363954,75014
252,37,2.3972516,48.8395385,75012
253,26,2.319614924490452,48.8542210666207,75007
254,37,2.3376645147800446,48.84342376221923,75005
255,16,2.3477794602513313,48.86358858111446,75001
257,22,2.3887022584676743,48.90098953630053,75019
258,12,2.4062821269035344,48.85026702458012,75020
259,33,2.362354410392119,48.83252708397293,75013
261,28,2.3461959511041637,48.86450567259199,75001
262,25,2.353635728359223,48.86743372423056,75003
263,16,2.345068440144759,48.865021945810085,75002
265,32,2.361762821674347,48.86446178139141,75003
266,18,2.363546437054538,48.86721120185892,75003
269,19,2.350217280976349,48.857999643314926,75004
271,18,2.3400047421455388,48.861342760889265,75001
272,17,2.348393350839615,48.867141720745806,75002
273,28,2.3404625437747044,48.8672190355135,75002
275,18,2.3366955667734146,48.88110437240003,75009
278,35,2.371211388119954,48.83258651335057,75013
279,16,2.381797702650783,48.858001906023354,75011
280,37,2.306762784719467,48.83287705011431,75015
283,33,2.351342,48.820507,75013
284,54,2.377372272312641,48.84704783357938,75012
285,27,2.3973043,48.8488408,75011
286,27,2.3769494891166687,48.880597694070524,75019
288,36,2.365086078643799,48.82676466519947,75013
290,35,2.2924277186393742,48.82805169605981,75015
291,32,2.3102882,48.8882568,75017
292,36,2.32321947813034,48.89213559044868,75017
293,31,2.325570111724113,48.874230055580306,75008
294,20,2.312707121097412,48.8365662244334,75015
297,17,2.2985444962978363,48.87171587869726,75008
298,20,2.412330328844772,48.849266043601794,75020
299,29,2.275342586850291,48.8296843300915,75015
300,37,2.3648982158072323,48.867872484748744,75011
301,20,2.3925706744194035,48.85590755596891,75011
303,39,2.287667370814871,48.88287775178599,75017
305,60,2.343335375189781,48.81942833336948,75014
307,35,2.3034455627202988,48.879406604954,75017
308,34,2.3481646925210953,48.830981659316855,75013
309,44,2.3790568521139748,48.871031137596006,75020
311,18,2.39806417375803,48.8804934032465,75019
312,33,2.307678759098053,48.871417284354834,75008
313,26,2.2584119439125065,48.840579923690115,75016
314,21,2.288640439510346,48.88655580065981,75017
315,40,2.318705212173216,48.894799816683985,75017
316,46,2.32971478253603,48.83940266673835,75014
317,23,2.2730283066630363,48.86106902949534,75116
318,21,2.352406606078148,48.842764450905456,75005
319,24,2.341923944866407,48.844730256132095,75005
320,40,2.3558086529374123,48.84906329950134,75005
321,33,2.293178754328878,48.856502977695634,75007
323,17,2.3310810327529907,48.88006587474148,75009
324,37,2.350287325680256,48.8482255727241,75005
325,40,2.2854680567979813,48.88022154052015,75017
326,22,2.2784192115068436,48.836395736424116,75015
327,35,2.3082953318953514,48.874746047357135,75008
328,47,2.383553994571467,48.858688774062955,75011
329,30,2.3677729815244675,48.86106483859209,75011
330,68,2.3956204,48.8471116,75012
331,12,2.293077029857222,48.852804604940296,75015
332,53,2.39790290594101,48.893923963057865,75019
333,42,2.3146149516105656,48.851544847689894,75007
336,34,2.4586871266365056,48.82237977153955,75012
337,23,2.364035,48.873462,75010
338,33,2.3319872841238976,48.89401874744574,75018
339,22,2.38959476351738,48.87403113727167,75020
340,24,2.4039056897163396,48.871244610447015,75020
341,46,2.345585584134864,48.8957969797804,75018
343,21,2.3413893,48.8417514,75005
344,19,2.3722528328789854,48.87174684930295,75010
346,37,2.349057392968696,48.89045112096476,75018
347,21,2.375934,48.82941,75013
351,35,2.313136198271666,48.82650543613106,75014
353,50,2.2587671,48.8798926,75016
358,48,2.3764613270759587,48.872687731400255,75019
359,26,2.381868,48.89465,75019
360,12,2.315508019010038,48.875448033960744,75008
361,34,2.2656840831041336,48.84520880183234,75016
362,20,2.405970990657807,48.86746195408435,75020
363,26,2.373463287949562,48.88125496379482,75019
364,50,2.3695197701454167,48.86450126141778,75011
366,33,2.344884406212207,48.882633484310816,75009
367,29,2.3022570088505745,48.83227829269761,75015
369,27,2.3192664,48.8577967,75007
370,12,2.3242460936307903,48.86121174057001,75007
371,20,2.396222,48.867362,75020
372,23,2.337429821491241,48.87778639599673,75009
374,66,2.249415814876557,48.87525984132485,75016
376,47,2.315277121961117,48.8572026618033,75007
377,59,2.3186306,48.8242469,75014
378,24,2.3890928,48.8522025,75011
379,47,2.296709530055523,48.85147910413369,75015
380,16,2.3896481,48.844291,75012
381,27,2.398403047037931,48.85160266522164,75020
382,35,2.400976623546542,48.867925154026736,75020
384,68,2.3790882155299187,48.84395729494058,75012
385,39,2.3534858599305153,48.84718551002347,75005
386,18,2.2724174,48.8643275,75116
387,44,2.400525668552064,48.839988788911874,75012
389,66,2.369220033288002,48.851355779578945,75012
392,31,2.2992860188665043,48.878199928923124,75008
394,18,2.3095492646098137,48.88107791412864,75017
396,26,2.3842214,48.8703459,75020
397,47,2.3620612,48.8743988,75010
400,40,2.301132157444954,48.881973298351625,75017
401,62,2.288124,48.876116,75017
402,17,2.321374788880348,48.84708159081946,75006
403,25,2.354235,48.879089,75010
405,49,2.353468135133752,48.835092787823875,75013
406,52,2.299380004405976,48.83310149953933,75015
407,72,2.2919502854347233,48.851315406715976,75015
409,33,2.289705348222022,48.853844054333514,75015
410,33,2.3612049221992497,48.870948218595146,75010
411,17,2.343698,48.879161,75009
412,26,2.3411329463124275,48.848951441614176,75006
413,64,2.320121418520769,48.86141101465194,75007
414,21,2.2989967837929726,48.86883394989261,75008
415,14,2.342167,48.8214169,75014
416,36,2.348636478060487,48.891457726153774,75018
417,25,2.3458001,48.8978867,75018
418,30,2.3423714563250546,48.8582958982873,75001
419,17,2.348463758826256,48.87759897050706,75009
420,27,2.3680844979417,48.8761373390584,75010
421,32,2.3594588041305546,48.87564264747718,75010
423,27,2.3308449949028507,48.88320784122797,75009
424,36,2.313977926969528,48.87147859116726,75008
425,24,2.3833653330802917,48.88917613743794,75019
426,24,2.3703941702842717,48.884492238407525,75019
427,49,2.352339,48.881949,75010
428,18,2.358739863900845,48.870702423554306,75010
429,16,2.3454568170361734,48.84512772828039,75005
430,26,2.351281,48.870278,75010
431,40,2.392039597034455,48.872010281270974,75020
432,38,2.3772348091006275,48.86214784454763,75011
434,24,2.3733686318721463,48.85507930579506,75011
435,43,2.332897827913839,48.886456815828815,75018
436,24,2.382461093366146,48.87498199631513,75019
437,65,2.322616316378116,48.87590240712654,75008
438,50,2.3959985375404362,48.89738369720229,75019
440,39,2.3635598,48.8927825,75018
441,65,2.275374233722687,48.83769531916335,75015
442,21,2.3544725775718693,48.879595787608096,75010
443,39,2.3293121159076686,48.831632518292565,75014
444,21,2.3107116669416428,48.825218683556734,75014
445,34,2.326124420314341,48.88794016394694,75018
447,25,2.3384983465075493,48.826701758539215,75014
448,22,2.333725690841675,48.821092374256104,75014
449,20,2.3711327,48.8633762,75011
454,33,2.297132313251496,48.87483645783703,75008
455,23,2.316423766314984,48.885325169402904,75017
456,40,2.4105253815650944,48.840714087299574,75012
457,24,2.3316738009452824,48.875065791004396,75009
458,28,2.303716580234576,48.85865170952645,75007
460,50,2.3750124,48.8644954,75011
461,53,2.294059172272682,48.84442462786544,75015
462,37,2.3476678133010864,48.89374453351521,75018
463,31,2.3471015,48.850571,75005
464,33,2.2597770800669053,48.84309486651855,75016
465,56,2.3639265082738348,48.871624306962985,75010
466,19,2.3746193200349808,48.886785741479684,75019
467,32,2.386541454435452,48.88639367943585,75019
468,31,2.3065522313117985,48.8435137879902,75015
469,52,2.3256602883338933,48.855628721100935,75007
470,50,2.380986213684082,48.86883108287741,75020
472,30,2.3785,48.88879,75019
474,17,2.362343855202198,48.868976638825686,75010
475,28,2.337574325501919,48.85528017533187,75006
476,18,2.316989621020396,48.863096900140626,75007
478,33,2.276522,48.859403,75116
479,21,2.352195717394352,48.85291595620935,75004
480,24,2.389085628786445,48.85050056492107,75011
481,0,2.35644,48.851025,75004
482,39,2.320883944630623,48.83920384329242,75014
485,60,2.3025691509246826,48.847566545259745,75015
486,24,2.317377626895905,48.890097168851746,75017
487,49,2.38637,48.832308,75012
488,22,2.326412869398186,48.82503085292528,75014
489,22,2.3938155401308374,48.88650687534334,75019
490,34,2.347842156887055,48.851904891406384,75005
491,30,2.4133380129933357,48.87308753734472,75020
492,17,2.347510904073715,48.83976676978202,75005
493,27,2.32459545135498,48.84116092896631,75014
494,54,2.283664085650799,48.83671783466264,75015
495,14,2.360914908320552,48.87615605427147,75010
498,47,2.298286,48.885263,75017
499,52,2.3674523,48.832294,75013
500,27,2.40869477391243,48.85696177597818,75020
501,22,2.284142297394666,48.83476837934194,75015
502,52,2.335426103165901,48.89183721478911,75018
503,19,2.2831090539693832,48.84315611111599,75015
504,26,2.311362437903881,48.86240833596654,75007
505,26,2.339947307565249,48.855296898603285,75006
506,22,2.3469213030948755,48.858018744217624,75001
507,29,2.2977904602885246,48.87340927626732,75008
508,33,2.3421307280659676,48.85090814639774,75005
509,50,2.3434996604919434,48.84968656619092,75005
510,53,2.3864468559622765,48.85961917660904,75011
512,34,2.393075558274471,48.85050701184191,75011
513,0,2.264205,48.876356,75116
515,0,2.460555428,48.83812672,75012
520,17,2.3396701365709305,48.877851443502536,75009
521,43,2.3704235663952966,48.838946417408025,75013
522,31,2.368448562920093,48.879330755297346,75010
523,18,2.3659095168113713,48.823283932030755,75013
524,33,2.2818631678819656,48.849269143835926,75015
529,18,2.3229019716382027,48.87531563065266,75008
530,45,2.365273725072355,48.86570934379584,75003
531,30,2.2938242935035684,48.8754438707356,75017
532,45,2.2966245196598805,48.84797660373612,75015
533,29,2.2789591,48.8778983,75116
534,11,2.301431038163409,48.82900222785569,75015
535,28,2.3542150855064397,48.87287120589831,75010
537,23,2.352454275492188,48.85045800918843,75005
538,24,2.3011638,48.8704294,75008
540,44,2.33817871442611,48.8896779050281,75018
541,13,2.360236309468746,48.817161987718954,75013
542,16,2.3463253676891327,48.88215166773376,75009
544,55,2.2735664248466496,48.84762302736417,75016
545,31,2.3493797332048416,48.85388354132773,75004
547,36,2.2859314084053044,48.84205217310643,75015
548,45,2.2786368057131767,48.846276485475,75015
549,43,2.326196730136872,48.82764910240992,75014
550,41,2.28146318346262,48.86795222470859,75116
552,0,2.270967,48.83712,75015
553,26,2.3592948541045193,48.81990914045756,75013
554,23,2.390209687445294,48.88466206560529,75019
557,20,2.349696233868599,48.88512432362698,75018
559,34,2.3965022,48.8453579,75012
560,25,2.33324121683836,48.88229101148092,75009
561,33,2.31790903955698,48.89611762451474,75017
562,23,2.2952168,48.8547194,75015
564,0,2.328549,48.884267,75018
565,30,2.37890136621104,48.8504400134045,75012
566,39,2.341458834707737,48.8713475973833,75002
570,22,2.3215,48.8337,75014
571,36,2.2687188170157406,48.86302317841182,75016
572,23,2.3064258322119713,48.87393521240818,75008
574,36,2.3473486304283147,48.848904447989405,75005
575,23,2.384767457842827,48.85428437993525,75011
576,33,2.310732454061508,48.86968985685174,75008
577,35,2.340144887566567,48.89299462568024,75018
578,28,2.3530178144574165,48.89543299733937,75018
581,21,2.3599335551261906,48.88400896451429,75010
582,32,2.405871044529538,48.853246898211985,75020
583,27,2.281512522529856,48.87356870686902,75116
584,46,2.348572461702221,48.83548071896613,75013
585,0,2.3596063256263737,48.8625179581143,75003
586,23,2.41104629853209,48.8780992764359,75020
587,0,2.398211,48.890078,75019
588,32,2.3507790675507594,48.8661116315789,75002
590,44,2.3359975218772893,48.8699355331869,75002
591,44,2.3563823103904724,48.85594991049653,75004
592,28,2.33359,48.87243,75009
594,21,2.329431,48.864793,75001
595,20,2.330567417577153,48.86557114282421,75001
596,30,2.3400671035051346,48.863490871724466,75001
598,20,2.3787959,48.8791665,75019
601,43,2.375841,48.860934,75011
602,39,2.3415122,48.8943782,75018
603,48,2.353521,48.870893,75010
604,21,2.3887913337477067,48.87959698690176,75019
606,69,2.3537524044513702,48.840658921385234,75005
607,67,2.323243509807989,48.87040602848252,75008
608,20,2.41208288897222,48.85398448133697,75020
610,34,2.299347817897797,48.84858321339195,75015
611,30,2.329095,48.822032,75014
612,37,2.3743692,48.8963765,75019
613,23,2.292114570736885,48.83056827450558,75015
614,38,2.2842496633529663,48.875133047166585,75116
615,21,2.350422,48.822203,75013
617,23,2.3543356766748507,48.829899841747384,75013
620,30,2.3833701,48.8906231,75019
621,42,2.3125657439231877,48.842726498316644,75015
622,20,2.3405495658516884,48.88219377957169,75018
623,23,2.350063696503639,48.860134890541865,75004
625,26,2.2937349,48.8712148,75116
626,0,2.30081,48.888792,75017
627,32,2.347382729482953,48.82245594764965,75013
628,26,2.3612322,48.8550222,75004
629,33,2.3109867000000577,48.8849609,75017
631,31,2.3522757401923404,48.874999954666755,75010
632,25,2.366826499627087,48.83484845292942,75013
633,20,2.345232367515564,48.87985155789093,75009
634,43,2.3225811123847966,48.843827994314886,75015
635,45,2.3232302069664006,48.83005755305626,75014
636,31,2.281149007691853,48.870809428669546,75116
637,40,2.3251800647136633,48.866143390992,75001
638,15,2.331552216736739,48.841739161230905,75006
639,32,2.370071706985146,48.87285913900304,75010
640,21,2.3457641154527664,48.876620377545024,75009
641,45,2.3294589668512344,48.83442367825087,75014
642,32,2.333390423834684,48.896328348515986,75018
643,29,2.398228667282044,48.864295696165875,75020
644,27,2.369879186153412,48.8775683208602,75010
645,31,2.3564198613166814,48.86557404753054,75003
646,19,2.356696020645806,48.861636880211584,75003
648,36,2.3681359,48.8524992,75004
649,14,2.351458,48.8573314,75004
650,28,2.357905805110932,48.85569225323279,75004
651,51,2.3774395,48.8311602,75013
652,27,2.333521842956543,48.8978712500682,75018
653,34,2.3056533560156827,48.88421554703737,75017
654,66,2.325317971408367,48.8490535919234,75006
655,0,2.343924,48.868202,75002
656,23,2.282920628786087,48.86580474647378,75116
657,24,2.3420333,48.8660354,75002
658,37,2.341878566630611,48.870314763994976,75002
660,35,2.4015686296481897,48.845127728277696,75012
661,27,2.3070717,48.8850134,75017
664,21,2.3930460959672923,48.875565910073085,75019
665,30,2.3001953959465027,48.87269963962128,75008
666,32,2.3043501377105713,48.870103359864174,75008
667,30,2.3774591088294987,48.886248917304805,75019
668,67,2.30230766886348,48.843277330035214,75015
669,34,2.342529706656933,48.8899944409612,75018
670,40,2.357108449556404,48.83815160808658,75013
671,39,2.335356677933531,48.876383969379,75009
672,17,2.349649636832728,48.87077436024043,75010
673,28,2.2915403,48.8791964,75017
674,22,2.28976,48.83656,75015
675,29,2.400421852042113,48.86095933229224,75020
676,12,2.3891324177384377,48.86615630668046,75020
677,45,2.326735694839291,48.891083040295555,75017
678,17,2.400004081428051,48.85385817168762,75020
680,21,2.3449019,48.890875,75018
682,45,2.400427535176277,48.85556563008463,75020
683,19,2.3825772,48.8863865,75019
684,27,2.3990669846534733,48.86530232427545,75020
686,34,2.30808901725357,48.84132050184004,75015
687,33,2.2839655,48.8584893,75016
688,39,2.38090637715497,48.86382517434147,75011
689,48,2.393294535577297,48.851853488264595,75011
690,34,2.3851405311143026,48.86798303359366,75020
691,41,2.3426544293761253,48.85288617388103,75006
692,36,2.318179272115231,48.82953336292279,75014
693,24,2.2871491312980647,48.83215381734912,75015
694,26,2.3502726,48.8300989,75013
695,17,2.333709173337285,48.87939826447722,75009
697,23,2.2858720645308495,48.83346851742578,75015
699,32,2.317609339386963,48.83425462795304,75014
700,62,2.380220606266108,48.828595283857425,75013
701,52,2.3546943448098023,48.83190852039389,75013
702,24,2.3076190799474716,48.87047539938743,75008
704,33,2.3865705,48.891163,75019
705,39,2.404946386814118,48.84462585769668,75012
706,38,2.400927788127704,48.83481262982544,75012
707,20,2.363106073577468,48.824695995415006,75013
708,17,2.356877340669728,48.83907826424974,75005
709,55,2.354651279747486,48.8437035476636,75005
710,35,2.275725,48.865983,75116
711,56,2.3390958085656166,48.85375581057431,75006
712,25,2.336035408079624,48.83752583906732,75014
713,60,2.325061820447445,48.851296433665276,75007
714,22,2.3284685611724854,48.874422773426545,75009
715,21,2.3308077827095985,48.85165383178419,75006
716,23,2.3519663885235786,48.84389286531899,75005
717,16,2.270506024360657,48.83823094269141,75015
718,42,2.32851451022192,48.89792240854517,75017
719,47,2.349364310503006,48.86785342111862,75002
720,16,2.3064593598246574,48.8627885936562,75007
721,18,2.358379,48.879355,75010
722,25,2.333393658804396,48.88949630486821,75018
723,29,2.301771435325988,48.874750203956566,75008
724,48,2.288012132048607,48.87973954830735,75017
725,27,2.326515804784655,48.874777677621296,75008
726,33,2.309694221419506,48.87745567681383,75008
727,17,2.395733,48.883667,75019
728,34,2.3534657,48.8847601,75018
729,17,2.335831353037739,48.85761567856468,75006
730,33,2.337980867701675,48.87334627510507,75009
731,15,2.3660067468881607,48.87748519186726,75010
732,18,2.344813834660711,48.8376682728114,75013
734,17,2.392586767673493,48.88192765861766,75019
735,23,2.2952447086572647,48.88364782887555,75017
736,33,2.348395236282807,48.87242006305313,75010
737,17,2.359801238597928,48.875034655883944,75010
739,32,2.3059897,48.8279193,75014
743,19,2.2877392172813416,48.83796366147599,75015
744,35,2.294612042605877,48.84993035512154,75015
745,14,2.3266580700874333,48.852233164303094,75007
748,20,2.4101992,48.8575065,75020
751,36,2.369337074966926,48.86580427668637,75011
752,20,2.4105210229754443,48.86431136000005,75020
753,24,2.3760261,48.8654533,75011
754,19,2.34183165485398,48.84819134858432,75005
755,65,2.297508493065834,48.844835471244416,75015
757,35,2.340853661298752,48.87525454905335,75009
759,30,2.273029983043671,48.85034821320644,75016
764,34,2.3740932717919354,48.85219190969573,75012
766,20,2.3919824145634565,48.86889516267913,75020
767,50,2.3688706755638127,48.82176874759649,75013
769,17,2.3264628,48.8795431,75008
770,36,2.3129771277308464,48.87660163459077,75008
771,16,2.386164927813738,48.84264777870052,75012
773,33,2.415514,48.846454,75012
774,46,2.297727763652802,48.878438631226516,75017
775,19,2.3613611608743668,48.886674849730184,75018
776,33,2.270772233605385,48.878772242510465,75016
779,25,2.2957482933998112,48.83460221715206,75015
781,27,2.309796,48.872933,75008
782,23,2.370388805866242,48.83400193550147,75013
784,50,2.2853584215044975,48.83089757010408,75015
785,33,2.391795855555629,48.83667579640627,75012
786,45,2.3266177287313377,48.87571264582792,75008
788,34,2.345015835298588,48.850310432924466,75005
789,35,2.382606603205204,48.839794573905685,75012
791,23,2.3173383995890617,48.83329880233322,75014
792,47,2.326493114233017,48.88347453575669,75017
793,48,2.3249313,48.8227639,75014
794,23,2.3104464635252953,48.83629973941847,75015
795,51,2.2871585190296173,48.850785261674964,75015
797,20,2.340014585442034,48.89104123261663,75018
798,18,2.348388757504776,48.87397217237368,75010
799,26,2.303444892168045,48.87352990026496,75008
800,58,2.2818081825971603,48.83868901709515,75015
801,32,2.404769691129476,48.87660391892763,75020
802,40,2.3585464,48.876327,75010
803,19,2.398959602331646,48.87068263384462,75020
807,15,2.40932246879487,48.8691543609174,75020
808,11,2.3513179644942284,48.87701838803332,75010
809,25,2.408762907764669,48.85558642847872,75020
810,25,2.332976511564311,48.87428447542072,75009
811,15,2.403980836377493,48.86500081847653,75020
812,56,2.3689722642302513,48.89859661942376,75018
813,23,2.2701915353536606,48.85545334552678,75016
814,31,2.345264218747616,48.878255397644715,75009
815,33,2.353205569088459,48.88667396788626,75018
816,34,2.338023450388167,48.89669238777841,75018
817,62,2.268483570651513,48.85286124871689,75016
818,22,2.402426162238911,48.85386896766491,75020
819,22,2.3902582749724393,48.84764862079675,75012
820,50,2.3604946,48.8377016,75013
821,43,2.3157655,48.8667692,75008
822,44,2.3750226,48.8256423,75013
824,67,2.31951002690117,48.8418071798797,75015
825,58,2.309453550914185,48.861273016278126,75007
827,37,2.320404499769211,48.87345073390807,75008
828,26,2.2888818383216862,48.89314451997415,75003
829,34,2.3752778,48.8555508,75011
830,25,2.3364872,48.897918,75018
831,32,2.2986539,48.8417762,75015
833,38,2.288518047864942,48.87815529789739,75017
834,32,2.324267216026783,48.84612887774711,75006
835,36,2.3492151126265526,48.82758774190948,75013
836,48,2.454751655459404,48.834131261494356,75012
839,37,2.3365534096956253,48.89905109950848,75018
841,26,2.302598655223847,48.83552381204077,75015
843,18,2.368433367343057,48.855580507049055,75004
844,29,2.39590734243393,48.87787062698808,75019
845,23,2.334559857845307,48.88526123395252,75018
846,53,2.3270335793495183,48.892777719023975,75017
847,40,2.366832196712494,48.82048243838136,75013
848,26,2.3602393269538884,48.82591155587023,75013
849,21,2.2773844,48.8443415,75015
850,15,2.324815057218075,48.88078819514121,75008
851,28,2.342176808004326,48.82603516605852,75013
852,38,2.3415737262044938,48.83507657562064,75013
853,40,2.2926748171448708,48.86491723343388,75116
854,52,2.2765403240919113,48.833250690537874,75015
855,30,2.3373574018478394,48.84014521347377,75005
856,71,2.3607194423675537,48.89845996601992,75018
858,26,2.330305874347687,48.85418510815204,75007
859,24,2.329794221763396,48.842738478257814,75006
860,22,2.2915497802487077,48.87275533461363,75116
861,24,2.3711163550615306,48.86632723374305,75011
862,52,2.397813642189543,48.89034195521685,75019
863,48,2.295586926020252,48.83767682233156,75015
864,42,2.2629252456151954,48.85258670812,75016
865,48,2.388566136360169,48.82494563758295,75013
866,34,2.376785018481558,48.84179500902689,75012
869,45,2.319571673870087,48.882209874662706,75017
870,48,2.3131933808326726,48.883546851533254,75017
872,23,2.405686005949974,48.861451061938,75020
874,23,2.39039812238911,48.858445054261914,75020
875,36,2.3036286234855656,48.89035817610495,75017
876,33,2.333428381875887,48.84373446877937,75006
881,50,2.359971106052399,48.895126609314104,75018
884,42,2.2953405976295476,48.847051143113745,75015
885,53,2.3352625966072087,48.87332988919973,75009
886,26,2.352581,48.861419,75004
887,40,2.3094136,48.8572316,75007
889,28,2.3568402975797653,48.879612765503616,75010
891,22,2.326347,48.869789,75009
892,43,2.3476943001151085,48.85905934084166,75001
895,16,2.3501381278038025,48.861818092669864,75001
896,32,2.351827919483185,48.85883544889818,75004
897,14,2.318264,48.877932,75008
898,34,2.317142598330975,48.89239614618928,75017
900,55,2.3303819820284843,48.85023459321703,75006
901,21,2.26848387135299,48.84749841771691,75016
904,30,2.384599149227142,48.89659571178903,75019
906,39,2.3329067,48.8768345,75009
907,0,2.344343,48.817485,75013
908,33,2.3233232282800524,48.841487851078895,75014
910,31,2.2834577411413193,48.876733496637506,75116
911,48,2.377885,48.867937,75011
912,23,2.4091592812626543,48.86053161154489,75020
914,51,2.401513597307666,48.851617204998654,75020
915,51,2.275132834911347,48.8433725710224,75015
917,16,2.358218,48.835405,75013
918,31,2.336266523912805,48.893400392981874,75018
919,36,2.2644165538827115,48.857341095470794,75016
921,74,2.2843059897422795,48.84791249714942,75015
926,21,2.3154367133975033,48.84040868803496,75015
927,36,2.369126,48.829575,75013
930,20,2.344513876337893,48.873781940593325,75009
931,38,2.317914068698883,48.84461063309956,75006
932,33,2.3970650508999825,48.83460464474706,75012
933,24,2.31653843075037,48.88125253846116,75017
934,47,2.295200452208519,48.8430515215905,75015
935,32,2.325492314994335,48.83254578122993,75014
937,56,2.307170109557766,48.83682609176588,75015
939,25,2.285074541420228,48.870306124369975,75016
940,35,2.3412207886576653,48.8461024009786,75005
941,25,2.3727491497993474,48.86164273877979,75011
942,33,2.3706749462105408,48.856931678257446,75011
943,33,2.305254448220567,48.87836138361425,75008
944,31,2.375325746834278,48.89876016219984,75019
945,60,2.2569015249609947,48.84524763511433,75016
946,64,2.350066713988781,48.841508690388835,75005
947,20,2.3090453445911407,48.88242307900951,75017
948,42,2.3707854375243187,48.88933353845543,75019
949,54,2.26211277356597,48.845182081538034,75016
950,31,2.394692664106047,48.833821772922654,75012
951,33,2.334054461939329,48.870508937203915,75002
952,25,2.3539767041802406,48.857346707443455,75004
953,44,2.3445211,48.867458,75002
956,40,2.3745173960924144,48.89717672825043,75019
957,21,2.3502444103360176,48.868767787961765,75002
958,27,2.334388448251871,48.866810653323,75001
959,0,2.385029,48.891973,75019
961,46,2.402636749399156,48.832934193699835,75012
962,22,2.3426036943935906,48.863542580328534,75001
963,19,2.3356226831674576,48.86392515872666,75001
964,32,2.342623919248581,48.86362695901683,75001
965,22,2.374454,48.876887,75019
966,34,2.39365965127945,48.86521763101122,75020
968,28,2.40334,48.85973,75020
969,22,2.412021,48.85135,75020
972,51,2.439209537709179,48.84423193255657,75012
973,46,2.2915928810834885,48.83916919806073,75015
974,21,2.4062398821115494,48.84786417875742,75020
976,50,2.3725583776831627,48.82010494991975,75013
979,69,2.2758664190769196,48.85264791461651,75016
981,23,2.340717874467373,48.838373233813286,75013
982,50,2.3225428909063344,48.837925263897674,75014
983,35,2.394869327545166,48.85607741505607,75020
984,32,2.3002513,48.8652359,75008
985,60,2.29559959844703,48.860897797941,75007
986,36,2.3327158391475677,48.83316726722363,75014
987,30,2.3440927639603615,48.85273130548806,75005
988,65,2.314848195584221,48.860680473738334,75007
991,46,2.3268555477261543,48.847385404955965,75006
992,67,2.3989107459783554,48.83124010585643,75012
993,56,2.372946088467279,48.894104140316266,75019
994,38,2.378317415714264,48.86418586145509,75011
995,36,2.3325478,48.8466127,75006
996,25,2.313117867297474,48.84040040365445,75015
997,37,2.379020587761426,48.856433706943704,75011
998,35,2.3292413726449013,48.848274111397586,75006
999,53,2.2898658737540245,48.8482070397636,75015
1000,29,2.3601756244897842,48.89021003702031,75018
1001,31,2.319786250591278,48.8762009747008,75008
1002,33,2.350204177200794,48.8255961335041,75013
1004,23,2.301219999790192,48.85088123091874,75015
1005,55,2.3762554675340652,48.8906429898976,75019
1006,45,2.288386600849503,48.841249336041045,75015
1008,36,2.318882101207347,48.83088717455243,75014
1010,20,2.4059603311549,48.87541242186098,75020
1012,16,2.275346568555312,48.861720329027264,75116
1014,30,2.268257387525699,48.84986918764119,75016
1016,22,2.3498166,48.8953643,75018
1017,33,2.316356,48.8389284,75015
1018,33,2.295934036374092,48.83013921586756,75015
1019,32,2.265253821160005,48.84842761367387,75016
1020,37,2.3635615780949593,48.88203018259946,75010
1021,35,2.2887128591537476,48.87137406080164,75116
1022,19,2.280027395306772,48.857566889784465,75016
1023,49,2.326524294912815,48.84331056782166,75006
1027,31,2.3516669869422917,48.86524233322809,75002
1028,31,2.4083782732486725,48.877321579493575,75020
1029,0,2.37933,48.89883,75019
1030,18,2.3325880989432335,48.88714509078738,75018
1031,21,2.316861143151153,48.88818698581028,75017
1033,66,2.378862574696541,48.83996691499447,75012
1034,31,2.29991625786582,48.8740144756374,75008
1035,33,2.3615723848342896,48.82365543660611,75013
1036,39,2.310193787964762,48.865346269362675,75008
1037,36,2.3723404482007027,48.83637852318147,75013
1038,30,2.347289621829987,48.87578906564573,75009
1039,0,2.346925,48.868997,75002
1040,32,2.339765690267086,48.87661398289084,75009
1041,25,2.2836575657129288,48.8816985773914,75017
1042,30,2.409725748002529,48.86338720692607,75020
1044,13,2.353573372638597,48.88832421845225,75018
1045,66,2.386601903271428,48.83372354344807,75012
1046,39,2.3244281485676765,48.842885590080826,75014
1048,40,2.356755029231863,48.83148187446674,75013
1052,37,2.294846,48.8813072,75017
1053,19,2.289918,48.86926,75116
1054,35,2.354336,48.823316,75013
1055,32,2.3772463581947094,48.85345855607243,75011
1057,51,2.3646864295005803,48.837208062341794,75013
1058,32,2.331418204714572,48.85894298617901,75007
1060,56,2.343996,48.897488,75018
1061,39,2.3829901,48.8563358,75011
1063,25,2.3593052,48.8731167,75010
1064,42,2.3995549,48.8756045,75019
1065,24,2.334307730197907,48.88753640381415,75018
1066,0,2.341181,48.878249,75009
1067,38,2.403290458023548,48.86254398506782,75020
1068,22,2.287283,48.844974,75015
1069,59,2.362424,48.879305,75010
1070,24,2.374839261174202,48.87979886049996,75019
1071,23,2.2744515,48.8583666,75016
1072,35,2.351288666219873,48.891213890844654,75018
1073,19,2.357582598924637,48.87208944990723,75010
1074,36,2.2782871127128606,48.83850740333351,75015
1075,44,2.3560872673988342,48.876734599161516,75010
1077,17,2.320263946784738,48.84308531746595,75015
1078,29,2.3408224806189537,48.88109246617963,75009
1079,34,2.375870111706245,48.850735824128805,75012
1080,34,2.3000183,48.8879035,75017
1081,45,2.2716060653328896,48.84021670922037,75015
1083,29,2.306675575720671,48.866887649978096,75008
1084,67,2.2780618071556096,48.840639944296655,75015
1085,23,2.3369108140468597,48.833206330538864,75014
1086,29,2.3431010171771054,48.870790980240706,75002
1087,30,2.3457643037969467,48.87138751286167,75009
1090,27,2.3863670602440834,48.8831217743719,75019
1091,23,2.3678014799952507,48.82463749337136,75013
1092,32,2.390546390619984,48.85560316202584,75011
1093,49,2.380632497370243,48.85242200848887,75011
1094,37,2.3304839059710503,48.86826649822326,75002
1095,46,2.263834191152959,48.84021933807409,75016
1096,45,2.3837140202522282,48.85118127150571,75011
1097,35,2.35570102930069,48.86860172112996,75003
1099,33,2.3449775576591496,48.86617395079137,75002
1100,31,2.302426218841562,48.86951797934417,75008
1101,17,2.332515,48.869113,75002
1103,55,2.355475388467312,48.84107178161383,75005
1105,53,2.319730559929781,48.89032998912038,75017
1106,55,2.336124926805496,48.82479134498032,75014
1107,50,2.3312794080411474,48.83681733526843,75014
1108,21,2.401765,48.8374688,75012
1109,24,2.340753448052758,48.87326713758289,75009
1111,49,2.4103900081973,48.8473310531154,75020
1112,23,2.326483540969424,48.878034461503965,75008
1113,25,2.373807237995119,48.87440566621717,75010
1115,33,2.4012206902213995,48.87956876386225,75019
1116,15,2.3960278,48.8736824,75020
1117,20,2.32956021945824,48.878113787876,75009
1118,39,2.3044332861900334,48.84014918546239,75015
1119,28,2.344585955142975,48.82631195621006,75013
1120,23,2.3334722220897675,48.85545136013941,75006
1121,20,2.3668488,48.8869703,75018
1122,24,2.3319217,48.8274804,75014
1123,44,2.374438270926476,48.828876296639876,75013
1124,33,2.408344637349607,48.864707139122984,75020
1125,42,2.394630398715453,48.84030274499962,75012
1126,42,2.274354539176829,48.86877849178477,75116
1127,52,2.3659356,48.8478103,75004
1128,36,2.3611206,48.8601346,75003
1129,36,2.399762385981272,48.848364667776785,75020
1130,0,2.344118,48.898674,75018
1131,35,2.2765953093767166,48.863936848471994,75116
1132,28,2.3972943797707558,48.84267354116789,75012
1133,24,2.328197093450571,48.88126642422664,75009
1134,32,2.322417162358761,48.877127316667654,75008
1135,17,2.354310303926468,48.862534941805855,75003
1136,51,2.3679352,48.8580378,75003
1138,37,2.347587011754513,48.864053304653766,75001
1139,33,2.359649240970612,48.86610337431042,75003
1140,29,2.355947121977806,48.859418007030406,75004
1141,20,2.338118505144376,48.87514373494672,75009
1142,24,2.33409583568573,48.86364636851945,75001
1143,14,2.3624535,48.8512971,75004
1144,28,2.361596524715424,48.85193313001975,75004
1145,18,2.364714992099186,48.85815895677863,75003
1146,29,2.3649600148200993,48.86210505412563,75003
1147,22,2.3414635285735126,48.86297805972131,75001
1148,58,2.3396865651011467,48.86921107122796,75002
1149,25,2.3633962869644165,48.82210119146052,75013
1152,22,2.3348781846405102,48.86344313284792,75001
1153,67,2.338520131151779,48.86243023476397,75001
1154,20,2.3333894088864326,48.867643242297284,75002
1155,35,2.3459213599562645,48.87082891155797,75009
1157,41,2.3515201359987254,48.83713590026284,75005
1158,19,2.387217085372007,48.854963800335234,75011
1160,30,2.3703800886869435,48.84619264257384,75012
1161,36,2.3343613743782043,48.83051287670899,75014
1162,17,2.379910983145237,48.87302160155955,75019
1163,30,2.320293079881375,48.887742186754224,75017
1164,21,2.3687969148159027,48.89503954187076,75018
1165,33,2.4044444784522057,48.840872964793355,75012
1167,32,2.32851454623001,48.8492084999386,75006
1168,42,2.38301344041578,48.8666176586814,75011
1169,52,2.431421081436563,48.83544491617421,75012
1171,37,2.338161695134053,48.851751374458864,75006
1173,19,2.3309428,48.8906542,75018
1174,20,2.4051643162965775,48.855425770695085,75020
1175,28,2.353020646316964,48.828657346203094,75013
1177,32,2.3790915682911873,48.89260159189023,75019
1179,21,2.360989417022932,48.83950442458303,75005
1180,21,2.3670325062844237,48.86265421563133,75003
1181,15,2.333388403058052,48.88364716745257,75018
1182,16,2.33798034198275,48.83586772099485,75014
1183,43,2.391754614194301,48.84925926211519,75011
1184,47,2.277785539627075,48.85132886434057,75016
1185,19,2.4043509364128113,48.85714001395299,75020
1187,26,2.331552766263485,48.852575112948415,75006
1188,26,2.379407362599104,48.87649965412676,75019
1189,26,2.300144659954865,48.891834448210986,75017
1190,17,2.338290105850787,48.87144635392104,75002
1191,35,2.306613813900307,48.869495661232406,75008
1192,36,2.3087677359581,48.834097274832295,75015
1193,30,2.358411,48.881154,75010
1194,26,2.334433421223788,48.86648351450895,75001
1195,49,2.372705978671471,48.86787670551736,75011
1196,35,2.280840481911055,48.860116109626574,75116
1197,25,2.352968528866768,48.849696494270084,75005
1199,34,2.3408563,48.8313878,75014
1200,22,2.301069796085358,48.87042247158609,75008
1201,25,2.411030612453627,48.86803439043193,75020
1202,0,2.370478,48.875022,75010
1203,27,2.3812624812126164,48.88256264247959,75019
1204,46,2.307052147596786,48.84717561492764,75015
1206,21,2.275240458548069,48.856399483950504,75016
1207,22,2.3563179373741145,48.82092946051445,75013
1208,28,2.376477420330048,48.8837796723475,75019
1209,49,2.377738,48.822632,75013
1213,32,2.407912909984589,48.87266656122256,75020
1214,51,2.370445024035681,48.8438397856433,75012
1215,26,2.368186041712761,48.88126951579429,75010
1217,40,2.373162,48.8646605,75011
1218,24,2.2864209115505223,48.863354122370744,75116
